code,category,min_len,max_len,geo_label,scale
006_mustard_bottle,squeezable,0.05874685198068601,0.191458821296691,5,5
021_bleach_cleanser,squeezable,0.067558668553829,0.25455367565155,0,2
035_power_drill,power_drill,0.056688629090785,0.202474161982536,2,5
037_scissors,scissors,0.015163032338023002,0.20228177309036202,8,5
binoculars_0,binoculars,0.067125454545021,0.173955723643302,7,8
binoculars_1,binoculars,0.050490155816078006,0.137695282697677,1,5
binoculars_11,binoculars,0.043517749756574006,0.15877979993820102,6,5
binoculars_12,binoculars,0.040580876171588,0.12323967367410602,9,5
binoculars_13,binoculars,0.039393924176692005,0.13052600622177102,6,5
binoculars_14,binoculars,0.047461070120334,0.173307120800018,6,5
binoculars_15,binoculars,0.049085315316915006,0.154317393898963,1,5
binoculars_16,binoculars,0.049220971763134,0.16035895049571902,6,5
binoculars_17,binoculars,0.046263575553894,0.157355591654777,6,5
binoculars_18,binoculars,0.070240676403045,0.149853825569152,6,5
binoculars_2,binoculars,0.071624636650085,0.146668836474418,9,5
binoculars_20,binoculars,0.06517910957336401,0.147107571363449,6,8
binoculars_23,binoculars,0.08158572018146501,0.16157981753349301,7,5
binoculars_24,binoculars,0.049646794795989005,0.16267481446266102,6,5
binoculars_25,binoculars,0.06562473624944601,0.154509052634239,6,5
binoculars_26,binoculars,0.07379467040300301,0.15244390070438302,6,5
binoculars_27,binoculars,0.05930808186531,0.14976510405540402,6,5
binoculars_28,binoculars,0.054328471422195004,0.16070979833602902,6,5
binoculars_29,binoculars,0.07377459108829401,0.151479244232177,6,5
binoculars_3,binoculars,0.04648134112358,0.144323855638504,6,5
binoculars_31,binoculars,0.044632337987422006,0.13375537097454002,6,5
binoculars_32,binoculars,0.056187979876995,0.15992459654808,7,5
binoculars_4,binoculars,0.051391117274761006,0.136540934443473,6,5
binoculars_5,binoculars,0.044518418610095006,0.126846075057983,9,5
binoculars_6,binoculars,0.046400755643844,0.131456613540649,6,5
binoculars_7,binoculars,0.065623134374618,0.163539558649063,6,5
binoculars_8,binoculars,0.133630633354187,0.145640343427658,3,5
bottle12,bottle,0.08654892444610501,0.19003045558929402,5,8
bottle13,bottle,0.044869028031826005,0.150599092245101,1,8
bottle15,cylinder_bottle,0.076469734311103,0.18701827526092502,5,8
bottle26,bottle,0.055314041674137004,0.1747727394104,5,2
bottle27,cylinder_bottle,0.072510361671447,0.25986036658287004,0,8
bottle_s001,bottle,0.025108512490987,0.13949958980083402,1,8
bottle_s002,bottle,0.06876181066036201,0.12498608231544402,9,8
bottle_s004,cylinder_bottle,0.070038512349128,0.126430004835128,9,8
bottle_s005,bottle,0.048515729606151005,0.140957802534103,1,8
bottle_s101,bottle,0.050907012075185006,0.15633200109004902,1,8
bottle_s102,bottle,0.08424915373325301,0.20992699265480003,5,8
bottle_s103,bottle,0.112582385540008,0.17994600534439,5,8
bottle_s104,bottle,0.126980006694793,0.12789399921894,4,8
bottle_s105,bottle,0.057369999587535005,0.155395999550819,1,8
bottle_s106,bottle,0.110161088407039,0.25708591938018804,0,8
bottle_s107,bottle,0.06681700050830801,0.19067800045013403,5,8
bottle_s108,bottle,0.040116000920534,0.19596199691295602,5,8
bottle_s109,bottle,0.054337874054908,0.166195064783096,5,2
bottle_s110,bottle,0.076137438416481,0.181490078568458,5,8
bottle_s111,bottle,0.040126673877239005,0.13844531774520802,9,8
bottle_s112,bottle,0.042272001504898,0.17946100234985302,1,2
bottle_s114,bottle,0.046110980212688,0.198256000876426,8,2
bottle_s115,bottle,0.091432303190231,0.19218200445175102,5,8
bottle_s116,bottle,0.11259806156158401,0.139853507280349,4,8
bottle_s117,bottle,0.053511999547481,0.16648200154304502,5,8
bottle_s118,bottle,0.06768599897623001,0.27074798941612205,0,2
bottle_s119,bottle,0.031474001705646,0.143064007163047,1,8
bottle_s120,bottle,0.06841599941253601,0.252240002155303,0,2
bottle_s122,bottle,0.039130710065364005,0.154651999473571,1,2
bottle_s123,bottle,0.07102596759796101,0.19661599397659302,5,2
bottle_s124,bottle,0.12472078204154902,0.186509996652603,2,8
bottle_s125,bottle,0.040898192673921,0.165527999401092,1,8
bottle_s126,bottle,0.038266975432634,0.194701999425888,8,2
bottle_s127,bottle,0.065416000783443,0.170328006148338,5,8
bottle_s128,bottle,0.053360849618911,0.22614000737667,8,2
bottle_s129,bottle,0.036490000784397,0.16060799360275202,1,8
bottle_s130,bottle,0.042015071958303,0.19847600162029203,8,2
bottle_s131,bottle,0.046504706144332005,0.12388715147972101,9,8
bottle_s132,bottle,0.09038026630878401,0.24906599521636902,0,2
bottle_s133,bottle,0.038120001554489004,0.169156000018119,1,2
bottle_s135,bottle,0.034980878233909,0.21649999916553403,8,8
bottle_s136,bottle,0.09206400066614101,0.276190996170043,0,8
bottle_s137,bottle,0.08128166198730401,0.19226428866386402,5,8
bottle_s138,bottle,0.022453999146819,0.15892599523067402,1,8
bottle_s139,bottle,0.05479189008474301,0.20133000612258903,5,8
bottle_s140,bottle,0.047490000724792,0.13933858275413502,9,8
bottle_s141,bottle,0.077294081449508,0.210403993725776,5,8
bottle_s142,bottle,0.08606456220149901,0.262625992298126,0,8
bottle_s143,bottle,0.041714001446962,0.114823997020721,9,8
bottle_s144,bottle,0.068237997591495,0.19022999703884103,5,8
bottle_s145,bottle,0.045792214572429005,0.195564001798629,5,8
bottle_s146,bottle,0.074751049280166,0.178823992609977,5,8
bottle_s147,bottle,0.05724075436592101,0.18424800038337702,8,8
bowl_s101,bowl,0.06403532624244601,0.157843068242073,3,8
bowl_s102,bowl,0.09010332822799601,0.15744656324386502,3,8
bowl_s103,bowl,0.058586001396179005,0.142034918069839,3,8
bowl_s104,bowl,0.084647364914417,0.148199379444122,3,8
bowl_s105,bowl,0.054281998425722004,0.139589980244636,3,8
bowl_s106,bowl,0.085732519626617,0.13011127710342402,3,8
bowl_s107,bowl,0.08772361278533901,0.153157964348793,3,8
bowl_s108,bowl,0.05706581100821401,0.14627458155155101,3,8
bowl_s109,bowl,0.079008564352989,0.15809094905853202,3,8
bowl_s111,bowl,0.06300199776887801,0.167950019240379,3,8
bowl_s112,bowl,0.057470001280307006,0.146588921546936,3,8
bowl_s113,bowl,0.067198500037193,0.15136170387268,3,8
bowl_s114,bowl,0.07514028251171101,0.148550361394882,3,8
bowl_s115,bowl,0.050156578421592005,0.14805273711681302,3,8
bowl_s116,bowl,0.075067266821861,0.150676816701889,3,8
bowl_s117,bowl,0.044871829450130005,0.158677503466606,3,8
bowl_s119,bowl,0.10628041625022801,0.14008298516273401,3,8
bowl_s120,bowl,0.045712664723396,0.15857046842575,3,8
bowl_s121,bowl,0.057981692254543006,0.143638372421264,3,8
bowl_s122,bowl,0.050598543137311006,0.150658294558525,3,8
bowl_s123,bowl,0.032297104597091,0.166449755430221,3,8
bowl_s124,bowl,0.06140639632940201,0.16004413366317702,3,8
bowl_s125,bowl,0.06303904950618701,0.155493259429931,3,8
bowl_s126,bowl,0.09569101035594901,0.13860541582107502,3,8
bowl_s127,bowl,0.09207099676132201,0.13890020549297302,3,8
bowl_s128,bowl,0.046748001128435,0.14015993475914001,3,8
bowl_s129,bowl,0.05723779648542401,0.146090820431709,3,8
bowl_s130,bowl,0.071961864829063,0.159108161926269,3,8
bowl_s131,bowl,0.06122643500566401,0.15770241618156403,3,8
bowl_s132,bowl,0.10127200186252501,0.155670762062072,3,8
bowl_s133,bowl,0.068789273500442,0.16520091891288702,3,8
bowl_s134,bowl,0.089299239218235,0.15893560647964403,3,8
bowl_s135,bowl,0.055734746158123,0.14304158091545102,3,8
bowl_s136,bowl,0.07155799865722601,0.157594844698905,3,8
bowl_s137,bowl,0.06417784094810401,0.15418954193592002,3,8
bowl_s138,bowl,0.07060246169567101,0.143497034907341,3,8
bowl_s139,bowl,0.047164000570774,0.14945934712886802,3,8
bowl_s140,bowl,0.066217586398124,0.164754509925842,3,8
bowl_s141,bowl,0.09713958203792501,0.14057126641273401,3,8
bowl_s144,bowl,0.056248612701892006,0.14822420477867101,3,8
bowl_s145,bowl,0.040743589401245006,0.14929223060607902,3,8
bowl_s146,bowl,0.065720856189727,0.16161297261714902,3,8
bowl_s147,bowl,0.074238196015357,0.152359664440155,3,8
bowl_s148,bowl,0.057395998388528005,0.139023303985595,3,8
bowl_s149,bowl,0.071871250867843,0.146948933601379,3,8
bowl_s150,bowl,0.08732199668884201,0.14237575232982602,3,8
bowl_s151,bowl,0.064957953989505,0.138642489910125,3,8
bowl_s152,bowl,0.063171997666358,0.155055433511734,3,8
bowl_s153,bowl,0.07248000055551501,0.14427345991134602,3,8
bowl_s154,bowl,0.068516001105308,0.137100636959075,3,8
bowl_s155,bowl,0.045327801257371,0.150397941470146,3,8
bowl_s156,bowl,0.073200866580009,0.15395231544971402,3,8
bowl_s159,bowl,0.059642054140567,0.147933691740036,3,8
bowl_s160,bowl,0.07657600194215701,0.16243550181388802,3,8
bowl_s161,bowl,0.0701310262084,0.16596049070358201,3,8
bowl_s164,bowl,0.045076247304677006,0.142126977443695,3,8
bowl_s165,bowl,0.076106935739517,0.15181407332420302,3,8
bowl_s166,bowl,0.069150000810623,0.165235370397567,3,8
bowl_s167,bowl,0.039035998284816006,0.14003492891788402,3,8
bowl_s168,bowl,0.09329397976398401,0.15696181356906802,3,8
bowl_s170,bowl,0.06573624163866,0.149310678243637,3,8
bowl_s171,bowl,0.10361086577177,0.138369336724281,3,8
bowl_s173,bowl,0.054386001080274006,0.141186088323593,3,8
bowl_s174,bowl,0.09759886562824201,0.157076448202133,3,8
bowl_s175,bowl,0.084747999906539,0.145133882761001,3,8
bowl_s178,bowl,0.07485482096672001,0.13769245147705,3,8
bowl_s179,bowl,0.084381997585296,0.14920975267887102,3,8
bowl_s180,bowl,0.08873973041772801,0.16257989406585602,3,8
bowl_s181,bowl,0.08495412766933401,0.13972532749176,3,8
bowl_s182,bowl,0.09264799952507001,0.14359581470489502,3,8
bowl_s184,bowl,0.055327426642179,0.16720174252986902,3,8
bowl_s185,bowl,0.092251725494861,0.140633180737495,3,8
bowl_s186,bowl,0.08982399851083701,0.129523426294326,3,8
bowl_s187,bowl,0.07076200097799301,0.14629997313022602,3,8
bowl_s189,bowl,0.05615077167749401,0.15084640681743602,3,8
bowl_s190,bowl,0.07683199644088701,0.143988102674484,3,8
bowl_s191,bowl,0.055563822388648,0.16045746207237202,3,8
bowl_s193,bowl,0.09843562543392101,0.141598850488662,3,8
bowl_s194,bowl,0.068896815180778,0.13746941089630102,3,8
bowl_s195,bowl,0.055749326944351,0.14231556653976402,3,8
bowl_s196,bowl,0.067373998463153,0.15332120656967102,3,8
bowl_s198,bowl,0.076781503856182,0.152989149093627,3,8
bowl_s199,bowl,0.061726935207843,0.167805612087249,3,8
bowl_s200,bowl,0.060173407196998006,0.15011884272098502,3,8
cameras_s101,cameras,0.040890999138355005,0.134869039058685,7,8
cameras_s102,cameras,0.116101905703544,0.211761146783828,3,8
cameras_s103,cameras,0.119207814335823,0.22996699810028,2,8
cameras_s104,cameras,0.12040724605321801,0.164138004183769,6,8
cameras_s105,cameras,0.054400514811277,0.11811490356922101,7,8
cameras_s106,cameras,0.059296458959579,0.135758832097053,7,8
cameras_s107,cameras,0.098971210420131,0.188561722636222,6,8
cameras_s108,cameras,0.11070299893617601,0.190664738416671,6,8
cameras_s110,cameras,0.09197399765253,0.138697355985641,7,8
cameras_s111,cameras,0.057858001440763,0.101344592869281,7,8
cameras_s112,cameras,0.031677730381488,0.12677724659442902,7,8
cameras_s113,cameras,0.047763999551534,0.142489999532699,7,8
cameras_s114,cameras,0.049667559564113006,0.11935169994831,7,8
cameras_s115,cameras,0.116033650934696,0.1679028570652,6,8
cameras_s116,cameras,0.043910019099712004,0.132610514760017,7,8
cameras_s117,cameras,0.052227683365345,0.137918472290039,7,8
cameras_s119,cameras,0.0815220028162,0.155907228589057,7,8
cameras_s120,cameras,0.13626043498516002,0.20532780885696403,6,8
cameras_s121,cameras,0.072833999991416,0.15923453867435403,3,8
cameras_s122,cameras,0.132294416427612,0.197169810533523,2,8
cameras_s123,cameras,0.043802261352539,0.12962996959686202,7,8
cameras_s124,cameras,0.11469352245330801,0.17267361283302302,6,8
cameras_s125,cameras,0.060359336435794005,0.131949067115783,7,8
cameras_s126,cameras,0.051509998738765,0.14432044327259,7,8
cameras_s127,cameras,0.103955291211605,0.17321324348449701,3,8
cameras_s128,cameras,0.029763000085949003,0.11857400089502301,7,8
cameras_s129,cameras,0.137491837143898,0.19672399759292603,2,8
cameras_s130,cameras,0.13464364409446702,0.190498888492584,2,8
cameras_s132,cameras,0.062261998653411005,0.15162536501884402,7,8
cameras_s133,cameras,0.041016001254320006,0.135909050703048,7,8
cameras_s134,cameras,0.048332795500755005,0.12743544578552202,7,8
cameras_s135,cameras,0.139893993735313,0.200507998466491,2,8
cameras_s136,cameras,0.10262551903724601,0.13809631764888702,6,8
cameras_s137,cameras,0.027592813596129,0.132993251085281,7,8
cameras_s138,cameras,0.070735856890678,0.155050009489059,7,8
cameras_s140,cameras,0.117048002779483,0.20190773904323503,6,8
cameras_s141,cameras,0.131305217742919,0.17581200599670402,2,8
cameras_s142,cameras,0.09064800292253401,0.15651999413967102,7,8
cameras_s143,cameras,0.053453676402568005,0.167825847864151,7,8
cameras_s144,cameras,0.08742599934339501,0.15213799476623502,7,8
cameras_s145,cameras,0.037552967667579006,0.13554552197456302,7,8
cameras_s146,cameras,0.054659999907016005,0.12246918678283601,7,8
cameras_s147,cameras,0.107443638145923,0.23118863999843503,2,8
cameras_s148,cameras,0.047664001584053005,0.129621997475624,7,8
cameras_s150,cameras,0.065514609217643,0.10339181125164001,7,8
cameras_s151,cameras,0.131940364837646,0.17365208268165502,6,8
cameras_s152,cameras,0.046363998204469,0.143634214997291,7,8
cameras_s153,cameras,0.05629799887537901,0.08991599828004801,9,8
cameras_s154,cameras,0.125228002667427,0.165389999747276,6,8
cameras_s155,cameras,0.10770279169082601,0.18631687760353002,6,8
cameras_s156,cameras,0.065917864441871,0.142398998141288,7,8
chaoneng_handwash,lotion_pump,0.061013191938400005,0.16525134444236703,5,8
contactpose_apple,apple,0.08190123736858301,0.09837761521339401,9,8
contactpose_banana,banana,0.042082477360963,0.207015067338943,8,8
contactpose_bowl,bowl,0.07659862935543,0.14888621866703,3,8
contactpose_camera,cameras,0.048501174896955004,0.116884626448154,7,8
contactpose_cup,cup,0.08422655612230301,0.09999965131282801,9,8
contactpose_flashlight,flashlight,0.033568315207958,0.13900765776634202,1,8
contactpose_fryingpan,fryingpan,0.036526188254356,0.23568743467330902,0,8
contactpose_gamecontroller,gamecontroller,0.051731221377849,0.154963463544845,7,8
contactpose_hammer,hammer,0.023150984197854003,0.206664234399795,8,8
contactpose_headphones,headphones,0.057349786162376,0.13061346113681702,6,8
contactpose_mouse,mouse,0.040925607085227,0.11700580269098201,1,8
contactpose_mug,mug,0.08213886618614101,0.11644449084997101,4,8
contactpose_phone,phone,0.024468004703521003,0.148473337292671,1,8
contactpose_scissors,scissors,0.014512429013848001,0.129940137267112,1,8
contactpose_stapler,stapler,0.029990812763571004,0.122878916561603,1,8
contactpose_toothpaste,squeezable,0.038011543452739,0.201997697353363,8,8
contactpose_utah_teapot,teapot,0.11178567260503701,0.23465830087661702,3,8
contactpose_waterbottle,cylinder_bottle,0.06020509451627701,0.136500000953674,1,8
contactpose_wineglass,wineglass,0.07079575955867701,0.17199739813804601,5,8
cup_s101,cup,0.061414673924446,0.115532211959362,9,5
cup_s103,cup,0.05429200083017301,0.066202253103256,4,5
cup_s104,cup,0.057183485478162,0.102527141571044,4,5
cup_s105,cup,0.08416999876499101,0.091787800192832,9,8
cup_s106,cup,0.08405876159667901,0.12021599709987602,9,5
cup_s108,cup,0.08351799845695401,0.09121429920196501,4,5
cup_s109,cup,0.06546756625175401,0.13246800005435902,9,5
cup_s110,cup,0.07983200252056101,0.10535591840744,4,5
cup_s111,cup,0.068530306220054,0.10600399971008301,9,5
cup_s113,cup,0.08089624345302501,0.116333998739719,9,5
cup_s114,cup,0.079506501555442,0.09114400297403301,9,5
cup_s118,cup,0.07865957915782901,0.11363399773836101,9,5
cylinder_bottle_s101,cylinder_bottle,0.06348985433578401,0.237652003765106,8,2
cylinder_bottle_s102,cylinder_bottle,0.044301271438598,0.139568045735359,1,2
cylinder_bottle_s103,cylinder_bottle,0.070166125893592,0.289954006671905,0,2
cylinder_bottle_s104,cylinder_bottle,0.06900344789028101,0.28799200057983404,0,2
cylinder_bottle_s106,cylinder_bottle,0.049616873264312,0.152721643447875,1,2
cylinder_bottle_s107,cylinder_bottle,0.06766940653324101,0.24906599521636902,0,2
cylinder_bottle_s108,cylinder_bottle,0.042241722345352006,0.158439993858337,1,2
cylinder_bottle_s109,cylinder_bottle,0.08179999887943201,0.232570007443428,0,2
cylinder_bottle_s110,cylinder_bottle,0.038399145007133005,0.15497399866580902,1,2
cylinder_bottle_s112,cylinder_bottle,0.092789351940155,0.24058200418949102,0,2
cylinder_bottle_s113,cylinder_bottle,0.056184031069278,0.245263993740081,8,2
cylinder_bottle_s114,cylinder_bottle,0.046011969447135,0.140701949596405,1,2
cylinder_bottle_s115,cylinder_bottle,0.08231949806213301,0.10948196798563001,9,2
cylinder_bottle_s116,cylinder_bottle,0.08536919206380801,0.27512601017951904,0,2
cylinder_bottle_s117,cylinder_bottle,0.07121641933917901,0.279601991176605,0,2
cylinder_bottle_s118,cylinder_bottle,0.038394842296838004,0.166718915104866,1,2
cylinder_bottle_s119,cylinder_bottle,0.052535999566316,0.15816456079483002,1,2
cylinder_bottle_s120,cylinder_bottle,0.047791883349418,0.18422497808933203,8,2
cylinder_bottle_s121,cylinder_bottle,0.062386039644479,0.246356457471847,0,2
cylinder_bottle_s122,cylinder_bottle,0.063581928610801,0.27756321430206304,0,2
cylinder_bottle_s123,cylinder_bottle,0.080334588885307,0.12467399984598102,9,2
cylinder_bottle_s124,cylinder_bottle,0.065320134162902,0.23496399819850902,8,2
cylinder_bottle_s125,cylinder_bottle,0.048973023891448,0.145208001136779,1,2
cylinder_bottle_s126,cylinder_bottle,0.065422981977462,0.12445318698883001,9,2
cylinder_bottle_s127,cylinder_bottle,0.055033400654792,0.23977799713611603,8,2
cylinder_bottle_s128,cylinder_bottle,0.09055647253990101,0.23055957257747603,0,2
cylinder_bottle_s129,cylinder_bottle,0.11795684695243801,0.25549200177192605,0,2
cylinder_bottle_s130,cylinder_bottle,0.09714264422655101,0.264670014381408,0,2
cylinder_bottle_s131,cylinder_bottle,0.06404773145914,0.256600320339202,0,2
cylinder_bottle_s132,cylinder_bottle,0.12036560475826201,0.20831885933876002,2,2
cylinder_bottle_s133,cylinder_bottle,0.046688467264175006,0.16224199533462502,1,2
cylinder_bottle_s134,cylinder_bottle,0.057456221431493,0.208687335252761,8,2
cylinder_bottle_s135,cylinder_bottle,0.066776156425476,0.26212972402572604,0,2
cylinder_bottle_s136,cylinder_bottle,0.07581436634063701,0.274475991725921,0,2
cylinder_bottle_s137,cylinder_bottle,0.05105191841721501,0.21525999903678802,8,2
cylinder_bottle_s138,cylinder_bottle,0.040034826844930003,0.14086599647998801,1,2
cylinder_bottle_s139,cylinder_bottle,0.048566561192274,0.162745997309684,1,2
cylinder_bottle_s140,cylinder_bottle,0.065807536244392,0.26329800486564603,0,2
cylinder_bottle_s141,cylinder_bottle,0.073049262166023,0.11804412305355001,9,2
cylinder_bottle_s142,cylinder_bottle,0.035239953547716,0.138155758380889,1,2
cylinder_bottle_s143,cylinder_bottle,0.079856544733047,0.23817992210388103,0,2
cylinder_bottle_s144,cylinder_bottle,0.047902453690767004,0.15092733502388,1,2
cylinder_bottle_s145,cylinder_bottle,0.061333172023296,0.24702799320220903,0,2
cylinder_bottle_s146,cylinder_bottle,0.05586208403110501,0.192284002900123,8,2
cylinder_bottle_s147,cylinder_bottle,0.064575091004371,0.27084800601005504,0,2
cylinder_bottle_s148,cylinder_bottle,0.082788847386837,0.283073991537094,0,2
cylinder_bottle_s150,cylinder_bottle,0.069523736834526,0.25639399886131203,0,2
cylinder_bottle_s151,cylinder_bottle,0.050538405776023004,0.150030434131622,1,2
cylinder_bottle_s153,cylinder_bottle,0.065220206975936,0.24460600316524503,0,2
cylinder_bottle_s156,cylinder_bottle,0.042090885341167006,0.145658001303672,1,2
cylinder_bottle_s157,cylinder_bottle,0.090923592448234,0.19746458530426,5,2
cylinder_bottle_s158,cylinder_bottle,0.069593876600265,0.263675987720489,0,2
cylinder_bottle_s159,cylinder_bottle,0.078074276447296,0.248375996947288,0,2
cylinder_bottle_s160,cylinder_bottle,0.108034208416938,0.24230200052261303,0,2
cylinder_bottle_s162,cylinder_bottle,0.054408837109804,0.225268006324768,8,2
cylinder_bottle_s163,cylinder_bottle,0.07165603339672001,0.23260800540447202,0,2
cylinder_bottle_s164,cylinder_bottle,0.084080003201961,0.22988700866699202,0,2
cylinder_bottle_s165,cylinder_bottle,0.065156668424606,0.25707226991653404,0,2
cylinder_bottle_s167,cylinder_bottle,0.053967960178852005,0.130557000637054,1,2
cylinder_bottle_s168,cylinder_bottle,0.06065334379673001,0.177816003561019,1,2
cylinder_bottle_s169,cylinder_bottle,0.108152106404304,0.25710505247116,0,2
cylinder_bottle_s170,cylinder_bottle,0.069994360208511,0.18014553189277602,5,2
cylinder_bottle_s171,cylinder_bottle,0.05493823811411801,0.15199999511241902,1,2
cylinder_bottle_s172,cylinder_bottle,0.11333757638931201,0.20908799767494202,5,2
cylinder_bottle_s173,cylinder_bottle,0.11397070437669701,0.242395997047424,0,2
cylinder_bottle_s174,cylinder_bottle,0.094427898526191,0.258071988821029,0,2
cylinder_bottle_s175,cylinder_bottle,0.047595590353012,0.19301800429821,8,2
cylinder_bottle_s176,cylinder_bottle,0.09196695685386601,0.26714000105857805,0,2
cylinder_bottle_s177,cylinder_bottle,0.06924445182085001,0.25964799523353504,0,2
cylinder_bottle_s178,cylinder_bottle,0.058857906609773004,0.264894008636474,0,2
cylinder_bottle_s179,cylinder_bottle,0.078853905200958,0.272777318954467,0,2
cylinder_bottle_s180,cylinder_bottle,0.07893452793359701,0.227674007415771,0,2
cylinder_bottle_s181,cylinder_bottle,0.066171452403068,0.27016264200210505,0,2
cylinder_bottle_s182,cylinder_bottle,0.084298223257064,0.204510003328323,5,2
cylinder_bottle_s183,cylinder_bottle,0.07458294928073801,0.246501997113227,0,2
cylinder_bottle_s184,cylinder_bottle,0.08635064214468001,0.271870076656341,0,2
cylinder_bottle_s186,cylinder_bottle,0.049731232225894005,0.22279599308967502,8,2
cylinder_bottle_s187,cylinder_bottle,0.055519640445709006,0.18757799267768802,8,2
cylinder_bottle_s188,cylinder_bottle,0.07670433819293901,0.275656700134277,0,2
cylinder_bottle_s189,cylinder_bottle,0.103239521384239,0.267468005418777,0,2
cylinder_bottle_s190,cylinder_bottle,0.058357149362564004,0.12195199728012,9,2
cylinder_bottle_s191,cylinder_bottle,0.06440362334251401,0.19325199723243702,5,2
cylinder_bottle_s192,cylinder_bottle,0.040061999112367006,0.143299996852874,1,2
cylinder_bottle_s193,cylinder_bottle,0.09004457294940901,0.195644006133079,5,2
cylinder_bottle_s194,cylinder_bottle,0.11963287740945801,0.253096014261245,0,2
cylinder_bottle_s195,cylinder_bottle,0.073244214057922,0.251713991165161,0,2
cylinder_bottle_s196,cylinder_bottle,0.06268356740474701,0.271860003471374,0,2
cylinder_bottle_s197,cylinder_bottle,0.068524397909641,0.24760599434375702,0,2
cylinder_bottle_s198,cylinder_bottle,0.11102549731731401,0.231092005968093,0,2
cylinder_bottle_s199,cylinder_bottle,0.057817764580249,0.24392142891883803,8,2
cylinder_bottle_s200,cylinder_bottle,0.043621979653835005,0.161846309900283,1,2
cylinder_bottle_s201,cylinder_bottle,0.084467805922031,0.12989276647567702,9,2
cylinder_bottle_s203,cylinder_bottle,0.060619965195655004,0.260538011789321,0,2
cylinder_bottle_s205,cylinder_bottle,0.09377749264240201,0.251053988933563,0,2
cylinder_bottle_s206,cylinder_bottle,0.0833500623703,0.281010001897811,0,2
cylinder_bottle_s207,cylinder_bottle,0.083007678389549,0.23057797551155002,0,2
cylinder_bottle_s208,cylinder_bottle,0.08997322618961301,0.24058000743389102,0,2
cylinder_bottle_s209,cylinder_bottle,0.046376481652259,0.16102248430252,1,2
cylinder_bottle_s210,cylinder_bottle,0.076724290847778,0.258232653141021,0,2
cylinder_bottle_s211,cylinder_bottle,0.041504621505737006,0.13653600215911801,1,2
cylinder_bottle_s213,cylinder_bottle,0.056005354970693005,0.19876399636268602,8,2
cylinder_bottle_s214,cylinder_bottle,0.07183575630187901,0.266804933547973,0,2
cylinder_bottle_s215,cylinder_bottle,0.045673757791519005,0.13705199956893901,1,2
cylinder_bottle_s216,cylinder_bottle,0.091901190578937,0.27692401409149103,0,2
cylinder_bottle_s217,cylinder_bottle,0.07634197175502701,0.25144800543785,0,2
cylinder_bottle_s218,cylinder_bottle,0.043058909475803,0.14787800610065402,1,2
cylinder_bottle_s219,cylinder_bottle,0.052632622420787006,0.199356004595756,8,2
cylinder_bottle_s220,cylinder_bottle,0.10116714984178501,0.21578767895698503,5,2
cylinder_bottle_s221,cylinder_bottle,0.076004922389984,0.13473199307918501,9,2
cylinder_bottle_s222,cylinder_bottle,0.098440572619438,0.243256002664566,0,2
cylinder_bottle_s224,cylinder_bottle,0.067896671593189,0.24177199602127003,0,2
cylinder_bottle_s225,cylinder_bottle,0.063346520066261,0.21266345679759902,8,2
cylinder_bottle_s227,cylinder_bottle,0.048875797539949,0.20940163731575,8,2
cylinder_bottle_s228,cylinder_bottle,0.064126014709472,0.20370988547801902,8,2
cylinder_bottle_s229,cylinder_bottle,0.062296457588672007,0.264349997043609,0,2
cylinder_bottle_s231,cylinder_bottle,0.10024192184209801,0.25400114059448203,0,2
cylinder_bottle_s232,cylinder_bottle,0.131408035755157,0.18716600537300102,2,2
cylinder_bottle_s233,cylinder_bottle,0.128341078758239,0.21246400475502,2,2
cylinder_bottle_s235,cylinder_bottle,0.099043682217597,0.271611988544464,0,2
cylinder_bottle_s236,cylinder_bottle,0.049017451703548,0.1526820063591,1,2
cylinder_bottle_s237,cylinder_bottle,0.056868687272071006,0.14617800712585402,1,2
cylinder_bottle_s238,cylinder_bottle,0.06545339524745901,0.25551307201385504,0,2
cylinder_bottle_s239,cylinder_bottle,0.060708388686180004,0.24751800298690702,0,2
cylinder_bottle_s240,cylinder_bottle,0.07394176721572801,0.18281300365924802,5,2
cylinder_bottle_s241,cylinder_bottle,0.045713499188423004,0.142118006944656,1,2
cylinder_bottle_s242,cylinder_bottle,0.041532892733812006,0.15428599715232802,1,2
cylinder_bottle_s243,cylinder_bottle,0.068694740533828,0.278030008077621,0,2
cylinder_bottle_s244,cylinder_bottle,0.117934003472328,0.24711211025714802,0,2
cylinder_bottle_s245,cylinder_bottle,0.07552982866764,0.25570297241210904,0,2
cylinder_bottle_s246,cylinder_bottle,0.073081195354461,0.262754708528518,0,2
cylinder_bottle_s247,cylinder_bottle,0.054515954107046,0.130915224552154,9,2
cylinder_bottle_s248,cylinder_bottle,0.076226696372032,0.19952400028705503,5,2
cylinder_bottle_s250,cylinder_bottle,0.08045279234647701,0.277767986059188,0,2
cylinder_bottle_s251,cylinder_bottle,0.069918185472488,0.251792103052139,0,2
cylinder_bottle_s253,cylinder_bottle,0.06124722957611001,0.24282579123973802,8,2
cylinder_bottle_s254,cylinder_bottle,0.091907508671283,0.267289102077484,0,2
cylinder_bottle_s255,cylinder_bottle,0.08757649362087201,0.222477033734321,5,2
cylinder_bottle_s258,cylinder_bottle,0.09173485636711101,0.21994200348854,5,2
cylinder_bottle_s259,cylinder_bottle,0.046895351260900005,0.144556000828742,1,2
cylinder_bottle_s260,cylinder_bottle,0.078752964735031,0.181679993867874,5,2
cylinder_bottle_s261,cylinder_bottle,0.079440012574195,0.19543600082397403,5,2
cylinder_bottle_s262,cylinder_bottle,0.074338242411613,0.130125999450683,9,2
cylinder_bottle_s264,cylinder_bottle,0.099723011255264,0.26406604051589905,0,2
cylinder_bottle_s266,cylinder_bottle,0.045689571648836004,0.15179599821567502,1,2
cylinder_bottle_s267,cylinder_bottle,0.055074818432331,0.136138007044792,1,2
cylinder_bottle_s268,cylinder_bottle,0.048412248492240004,0.158746004104614,1,2
cylinder_bottle_s269,cylinder_bottle,0.046066604554653,0.13902440667152402,1,2
cylinder_bottle_s270,cylinder_bottle,0.094783350825309,0.273916006088256,0,2
cylinder_bottle_s272,cylinder_bottle,0.073380075395107,0.279342621564865,0,2
cylinder_bottle_s273,cylinder_bottle,0.048159204423427006,0.13111600279808,1,2
cylinder_bottle_s274,cylinder_bottle,0.095034062862396,0.24177199602127003,0,2
cylinder_bottle_s275,cylinder_bottle,0.094861708581447,0.26401999592781,0,2
cylinder_bottle_s276,cylinder_bottle,0.06628776341676701,0.23619499802589403,8,2
cylinder_bottle_s277,cylinder_bottle,0.06239684671163501,0.21886107325553802,8,2
cylinder_bottle_s279,cylinder_bottle,0.049867093563079,0.15736117959022503,1,2
cylinder_bottle_s280,cylinder_bottle,0.054377574473619,0.24779400229454002,8,2
cylinder_bottle_s281,cylinder_bottle,0.069684378802776,0.255668014287948,0,2
cylinder_bottle_s282,cylinder_bottle,0.05966500192880601,0.143608003854751,1,2
cylinder_bottle_s283,cylinder_bottle,0.052450623363256,0.20640590786933902,8,2
cylinder_bottle_s284,cylinder_bottle,0.093725658953189,0.111638002097606,9,2
cylinder_bottle_s285,cylinder_bottle,0.11784978210926,0.248543992638587,0,2
cylinder_bottle_s286,cylinder_bottle,0.048332534730434,0.151829048991203,1,2
cylinder_bottle_s287,cylinder_bottle,0.065727919340133,0.134727999567985,9,2
cylinder_bottle_s290,cylinder_bottle,0.055910676717758005,0.28440600633621205,0,2
cylinder_bottle_s291,cylinder_bottle,0.042378865182399,0.155034005641937,1,2
cylinder_bottle_s292,cylinder_bottle,0.077137999236583,0.17655399441719002,5,2
cylinder_bottle_s294,cylinder_bottle,0.054408967494964,0.14354313910007402,1,2
cylinder_bottle_s295,cylinder_bottle,0.067399144172668,0.269929349422454,0,2
cylinder_bottle_s296,cylinder_bottle,0.04834446310997,0.15641799569129902,1,2
cylinder_bottle_s297,cylinder_bottle,0.058581989258527006,0.28160473704338,0,2
cylinder_bottle_s298,cylinder_bottle,0.05478305369615501,0.13285508751869202,1,2
cylinder_bottle_s299,cylinder_bottle,0.078015387058258,0.23462200164794902,0,2
cylinder_bottle_s300,cylinder_bottle,0.12067582458257602,0.195577830076217,2,2
cylinder_bottle_s301,cylinder_bottle,0.10078199207782701,0.25994598865509,0,2
cylinder_bottle_s302,cylinder_bottle,0.08726093918085001,0.225298002362251,0,2
cylinder_bottle_s303,cylinder_bottle,0.06266869604587501,0.11783400177955601,9,2
cylinder_bottle_s304,cylinder_bottle,0.08020105957984901,0.17311400175094602,5,2
cylinder_bottle_s305,cylinder_bottle,0.074536085128784,0.28838056325912403,0,2
cylinder_bottle_s306,cylinder_bottle,0.067952468991279,0.28193399310112,0,2
cylinder_bottle_s307,cylinder_bottle,0.03733305633068,0.137779995799064,1,2
cylinder_bottle_s308,cylinder_bottle,0.08547469973564101,0.23798325657844502,0,2
cylinder_bottle_s309,cylinder_bottle,0.09359754621982501,0.22417199611663802,0,2
cylinder_bottle_s310,cylinder_bottle,0.070305585861206,0.25782799720764105,0,2
cylinder_bottle_s311,cylinder_bottle,0.062869310379028,0.24898406863212502,0,2
cylinder_bottle_s312,cylinder_bottle,0.07380789518356301,0.22943800687789903,0,2
cylinder_bottle_s313,cylinder_bottle,0.048314124345779,0.155376002192497,1,2
cylinder_bottle_s314,cylinder_bottle,0.11215254664421001,0.24816000461578303,0,2
cylinder_bottle_s315,cylinder_bottle,0.096095949411392,0.258058011531829,0,2
cylinder_bottle_s317,cylinder_bottle,0.074057847261428,0.184655994176864,5,2
cylinder_bottle_s318,cylinder_bottle,0.062696628272533,0.214855372905731,8,2
cylinder_bottle_s319,cylinder_bottle,0.053914293646812,0.265597999095916,0,2
cylinder_bottle_s320,cylinder_bottle,0.056789979338645005,0.24100999534130002,8,2
cylinder_bottle_s321,cylinder_bottle,0.075448378920555,0.256937384605407,0,2
cylinder_bottle_s322,cylinder_bottle,0.072274900972843,0.24267399311065602,0,2
cylinder_bottle_s323,cylinder_bottle,0.05715874210000001,0.12770600616931901,1,2
cylinder_bottle_s324,cylinder_bottle,0.036313578486442004,0.14033606648445102,1,2
cylinder_bottle_s325,cylinder_bottle,0.043750580400228,0.16127599775791102,1,2
cylinder_bottle_s326,cylinder_bottle,0.06199227273464201,0.25116556882858204,0,2
cylinder_bottle_s328,cylinder_bottle,0.04460406303405701,0.160212904214859,1,2
cylinder_bottle_s330,cylinder_bottle,0.058906700462102,0.19355738162994301,8,2
cylinder_bottle_s331,cylinder_bottle,0.06735202670097301,0.244130000472068,0,2
cylinder_bottle_s332,cylinder_bottle,0.064987823367118,0.21298663318157102,8,2
cylinder_bottle_s333,cylinder_bottle,0.084973365068435,0.20328800380229903,5,2
cylinder_bottle_s334,cylinder_bottle,0.03989091515541,0.14513337612152102,1,2
cylinder_bottle_s335,cylinder_bottle,0.14676946401596,0.193930000066757,2,2
cylinder_bottle_s336,cylinder_bottle,0.053407765924930004,0.21055400371551503,8,2
cylinder_bottle_s337,cylinder_bottle,0.07985806465148901,0.24635002017021101,0,2
cylinder_bottle_s338,cylinder_bottle,0.07025572657585101,0.21283400058746302,8,2
cylinder_bottle_s339,cylinder_bottle,0.07211594283580701,0.23464199900627103,0,2
cylinder_bottle_s340,cylinder_bottle,0.07077832520008001,0.26016694307327204,0,2
cylinder_bottle_s341,cylinder_bottle,0.052904732525348004,0.13118839263916002,1,2
cylinder_bottle_s342,cylinder_bottle,0.032875634729862005,0.137161001563072,1,2
cylinder_bottle_s344,cylinder_bottle,0.04362420737743301,0.157989993691444,1,2
cylinder_bottle_s345,cylinder_bottle,0.053894817829132004,0.149608001112937,1,2
cylinder_bottle_s346,cylinder_bottle,0.07240277528762801,0.24551796913146903,0,2
cylinder_bottle_s347,cylinder_bottle,0.06957390904426501,0.19579479098320002,5,2
cylinder_bottle_s348,cylinder_bottle,0.05996095389127701,0.254927992820739,0,2
cylinder_bottle_s349,cylinder_bottle,0.072021767497062,0.201232001185417,5,2
cylinder_bottle_s350,cylinder_bottle,0.05601120367646201,0.24833600223064403,8,2
cylinder_bottle_s351,cylinder_bottle,0.08014281094074201,0.26409000158309903,0,2
cylinder_bottle_s352,cylinder_bottle,0.068754367530345,0.28100201487541204,0,2
cylinder_bottle_s353,cylinder_bottle,0.06038407236337601,0.118021070957183,9,2
cylinder_bottle_s355,cylinder_bottle,0.071346655488014,0.281725227832794,0,2
cylinder_bottle_s358,cylinder_bottle,0.05722407996654501,0.217346101999282,8,2
cylinder_bottle_s359,cylinder_bottle,0.11687226593494401,0.205357328057289,5,2
cylinder_bottle_s360,cylinder_bottle,0.059574335813522006,0.12979710102081302,1,2
cylinder_bottle_s361,cylinder_bottle,0.133881032466888,0.21343800425529402,2,2
cylinder_bottle_s362,cylinder_bottle,0.067446812987327,0.138365000486373,9,2
cylinder_bottle_s364,cylinder_bottle,0.06507059931755,0.24946799874305703,0,2
cylinder_bottle_s366,cylinder_bottle,0.073071226477622,0.23172199726104703,0,2
cylinder_bottle_s369,cylinder_bottle,0.070014804601669,0.200080007314682,5,2
cylinder_bottle_s370,cylinder_bottle,0.06592646241188001,0.11141499876976,9,2
cylinder_bottle_s371,cylinder_bottle,0.070821791887283,0.14322271943092302,9,2
cylinder_bottle_s372,cylinder_bottle,0.084844768047332,0.26735687255859303,0,2
cylinder_bottle_s373,cylinder_bottle,0.064867511391639,0.17501999437808902,5,2
cylinder_bottle_s375,cylinder_bottle,0.08489861339330601,0.24829092621803203,0,2
cylinder_bottle_s376,cylinder_bottle,0.074094153940677,0.248588293790817,0,2
cylinder_bottle_s378,cylinder_bottle,0.04862068966031,0.15471938252449002,1,2
cylinder_bottle_s379,cylinder_bottle,0.09852360188961001,0.15367150306701602,5,2
cylinder_bottle_s380,cylinder_bottle,0.03032274544239,0.154397994279861,1,2
cylinder_bottle_s382,cylinder_bottle,0.088472090661525,0.170701995491981,5,2
cylinder_bottle_s383,cylinder_bottle,0.06760200113058,0.25661599636077803,0,2
cylinder_bottle_s384,cylinder_bottle,0.09679383784532501,0.238785997033119,0,2
cylinder_bottle_s385,cylinder_bottle,0.11362539231777101,0.24558010697364802,0,2
cylinder_bottle_s386,cylinder_bottle,0.07337968051433501,0.138474002480506,9,2
cylinder_bottle_s387,cylinder_bottle,0.07858039438724501,0.262263774871826,0,2
cylinder_bottle_s389,cylinder_bottle,0.075972437858581,0.26804748177528304,0,2
cylinder_bottle_s390,cylinder_bottle,0.07244613021612101,0.20532999932765902,5,2
cylinder_bottle_s391,cylinder_bottle,0.061839587986469005,0.20092399418354,8,2
cylinder_bottle_s392,cylinder_bottle,0.069182619452476,0.25764799118041903,0,2
cylinder_bottle_s394,cylinder_bottle,0.07954245805740301,0.272471994161605,0,2
cylinder_bottle_s395,cylinder_bottle,0.049618441611528,0.207573994994163,8,2
cylinder_bottle_s397,cylinder_bottle,0.064126417040824,0.242394000291824,0,8
cylinder_bottle_s398,cylinder_bottle,0.075606241822242,0.27054581046104403,0,2
cylinder_bottle_s399,cylinder_bottle,0.06225896999239901,0.14906199276447202,1,2
cylinder_bottle_s401,cylinder_bottle,0.095863550901412,0.21386295557022,5,2
cylinder_bottle_s402,cylinder_bottle,0.13923305273056,0.18356877565383903,2,2
cylinder_bottle_s403,cylinder_bottle,0.091641083359718,0.244603127241134,0,2
cylinder_bottle_s404,cylinder_bottle,0.09401741623878401,0.238168001174926,0,2
cylinder_bottle_s405,cylinder_bottle,0.04735220596194201,0.156233996152877,1,2
cylinder_bottle_s406,cylinder_bottle,0.05810444429516701,0.239580005407333,8,2
cylinder_bottle_s407,cylinder_bottle,0.039938375353813005,0.158902004361152,1,2
cylinder_bottle_s408,cylinder_bottle,0.094526074826717,0.232483997941017,0,2
cylinder_bottle_s410,cylinder_bottle,0.05659729987382801,0.247684001922607,8,2
cylinder_bottle_s411,cylinder_bottle,0.100946828722953,0.174051135778427,5,2
cylinder_bottle_s412,cylinder_bottle,0.069185271859169,0.27664631605148304,0,2
cylinder_bottle_s413,cylinder_bottle,0.047861304134130006,0.19165742397308302,8,2
cylinder_bottle_s414,cylinder_bottle,0.047375109046697006,0.15526042878627702,1,2
cylinder_bottle_s415,cylinder_bottle,0.11323694139719001,0.210697993636131,5,2
cylinder_bottle_s416,cylinder_bottle,0.070020347833633,0.14006200432777402,9,2
cylinder_bottle_s417,cylinder_bottle,0.06146252900362,0.19514133036136602,8,2
cylinder_bottle_s418,cylinder_bottle,0.09874012321233701,0.242085978388786,0,2
cylinder_bottle_s420,cylinder_bottle,0.041701830923557004,0.15992200374603202,1,2
cylinder_bottle_s422,cylinder_bottle,0.050107397139072,0.13888657093048,1,2
cylinder_bottle_s423,cylinder_bottle,0.059952571988105004,0.144698977470397,1,2
cylinder_bottle_s425,cylinder_bottle,0.062392812222242,0.14976799488067602,1,2
cylinder_bottle_s426,cylinder_bottle,0.092933230102062,0.27386599779129,0,2
cylinder_bottle_s427,cylinder_bottle,0.077626258134841,0.279019594192504,0,2
cylinder_bottle_s430,cylinder_bottle,0.045016940683126005,0.134144902229309,1,2
cylinder_bottle_s431,cylinder_bottle,0.093397572636604,0.25599598884582503,0,2
cylinder_bottle_s433,cylinder_bottle,0.069879576563835,0.285877227783203,0,2
cylinder_bottle_s434,cylinder_bottle,0.06296063959598501,0.20246399939060203,8,2
cylinder_bottle_s435,cylinder_bottle,0.10541394352912901,0.175738006830215,5,2
cylinder_bottle_s436,cylinder_bottle,0.085399910807609,0.25554201006889304,0,2
cylinder_bottle_s437,cylinder_bottle,0.108953587710857,0.257897019386291,0,2
cylinder_bottle_s438,cylinder_bottle,0.090380549430847,0.26772701740264804,0,2
cylinder_bottle_s439,cylinder_bottle,0.076304376125335,0.177666395902633,5,2
cylinder_bottle_s440,cylinder_bottle,0.050670370459556004,0.136859998106956,1,2
cylinder_bottle_s441,cylinder_bottle,0.08414438366889901,0.28010600805282504,0,2
cylinder_bottle_s442,cylinder_bottle,0.053086437284946005,0.12641584873199402,1,2
cylinder_bottle_s443,cylinder_bottle,0.061491999775171,0.24785000085830602,0,2
cylinder_bottle_s444,cylinder_bottle,0.039042595773935006,0.19871807098388602,8,8
cylinder_bottle_s445,cylinder_bottle,0.076530762016773,0.27522599697113004,0,2
cylinder_bottle_s446,cylinder_bottle,0.057943534106016006,0.21498200297355602,8,2
cylinder_bottle_s447,cylinder_bottle,0.073008492588996,0.23389920592308003,0,2
cylinder_bottle_s450,cylinder_bottle,0.066120773553848,0.24393600225448603,0,2
cylinder_bottle_s452,cylinder_bottle,0.061058290302753004,0.26130598783493003,0,2
cylinder_bottle_s453,cylinder_bottle,0.075584322214126,0.282636702060699,0,2
cylinder_bottle_s455,cylinder_bottle,0.07716377079486801,0.24232199788093503,0,2
cylinder_bottle_s456,cylinder_bottle,0.047410085797309,0.126225993037223,1,2
cylinder_bottle_s459,cylinder_bottle,0.0445835031569,0.147916004061698,1,2
cylinder_bottle_s461,cylinder_bottle,0.079573862254619,0.202690005302429,5,2
cylinder_bottle_s462,cylinder_bottle,0.051531814038753,0.160822659730911,1,2
cylinder_bottle_s465,cylinder_bottle,0.051286309957504,0.137078002095222,1,2
cylinder_bottle_s466,cylinder_bottle,0.083778984844684,0.28353801369667003,0,2
cylinder_bottle_s467,cylinder_bottle,0.086886160075664,0.23418173193931502,0,2
cylinder_bottle_s468,cylinder_bottle,0.049946065992116005,0.14798910915851501,1,2
cylinder_bottle_s469,cylinder_bottle,0.07339523732662201,0.21105399727821303,5,2
cylinder_bottle_s470,cylinder_bottle,0.077179655432701,0.12002599984407401,9,2
cylinder_bottle_s472,cylinder_bottle,0.076143369078636,0.24230286478996202,0,2
cylinder_bottle_s473,cylinder_bottle,0.044930234551429006,0.208158001303672,8,2
cylinder_bottle_s475,cylinder_bottle,0.09696789085865001,0.211737066507339,5,2
cylinder_bottle_s476,cylinder_bottle,0.10849604010581901,0.25803199410438504,0,2
cylinder_bottle_s477,cylinder_bottle,0.076640263199806,0.245657995343208,0,2
cylinder_bottle_s478,cylinder_bottle,0.057179998606443,0.134816005825996,1,2
cylinder_bottle_s480,cylinder_bottle,0.057664655148983,0.14440999925136502,1,2
cylinder_bottle_s481,cylinder_bottle,0.055009908974170005,0.15786400437355,1,2
cylinder_bottle_s482,cylinder_bottle,0.056743159890174005,0.220357477664947,8,2
cylinder_bottle_s483,cylinder_bottle,0.08862867951393101,0.16416105628013603,5,5
cylinder_bottle_s486,cylinder_bottle,0.092174753546714,0.097947135567665,4,5
cylinder_bottle_s487,cylinder_bottle,0.09981435537338201,0.226508125662803,0,5
cylinder_bottle_s489,cylinder_bottle,0.06402251869440001,0.134639993309974,9,8
cylinder_bottle_s491,cylinder_bottle,0.088563248515129,0.120311997830867,9,8
cylinder_bottle_s492,cylinder_bottle,0.06954969465732501,0.10796995460987001,9,8
cylinder_bottle_s494,cylinder_bottle,0.080472961068153,0.197160005569458,5,8
cylinder_bottle_s495,cylinder_bottle,0.050869215279817005,0.096475005149841,9,8
cylinder_bottle_s499,cylinder_bottle,0.12493038922548201,0.22191199660301203,2,8
cylinder_bottle_s500,cylinder_bottle,0.065364830195903,0.14455971121788,1,8
cylinder_bottle_s501,cylinder_bottle,0.09543410688638601,0.19503977894783,5,5
cylinder_bottle_s502,cylinder_bottle,0.06932017207145601,0.110615074634552,9,8
cylinder_bottle_s503,cylinder_bottle,0.08826082944869901,0.23012900352478002,0,5
cylinder_bottle_s504,cylinder_bottle,0.07162943482398901,0.11222214996814701,9,5
cylinder_bottle_s506,cylinder_bottle,0.06579577922821,0.139481931924819,9,5
cylinder_bottle_s507,cylinder_bottle,0.058360777795314005,0.13160799443721702,1,5
cylinder_bottle_s508,cylinder_bottle,0.053804460912942005,0.129163995385169,1,8
cylinder_bottle_s510,cylinder_bottle,0.112840674817562,0.20958200097084,5,8
cylinder_bottle_s512,cylinder_bottle,0.065949209034442,0.14440999925136502,1,5
cylinder_bottle_s513,cylinder_bottle,0.06742025911808,0.144970163702964,1,8
cylinder_bottle_s515,cylinder_bottle,0.09617732465267101,0.16870200634002602,5,8
cylinder_bottle_s516,cylinder_bottle,0.072860047221183,0.202209994196891,5,5
cylinder_bottle_s517,cylinder_bottle,0.129803463816642,0.24415935575962003,2,5
cylinder_bottle_s518,cylinder_bottle,0.08668463677167801,0.09785786271095201,9,5
cylinder_bottle_s520,cylinder_bottle,0.08124580979347201,0.23948399722576102,0,5
cylinder_bottle_s521,cylinder_bottle,0.097269490361213,0.25062999129295305,0,5
cylinder_bottle_s522,cylinder_bottle,0.107682958245277,0.24950954318046503,0,5
cylinder_bottle_s523,cylinder_bottle,0.081407696008682,0.15914604067802401,5,8
cylinder_bottle_s525,cylinder_bottle,0.056513998657464,0.15643599629402102,1,8
cylinder_bottle_s526,cylinder_bottle,0.090810507535934,0.10964199900627102,9,8
cylinder_bottle_s527,cylinder_bottle,0.066984206438064,0.148868888616561,1,5
cylinder_bottle_s528,cylinder_bottle,0.084058210253715,0.118404254317283,9,8
cylinder_bottle_s529,cylinder_bottle,0.103013083338737,0.167457997798919,5,8
cylinder_bottle_s530,cylinder_bottle,0.10310752689838401,0.23749077320098802,0,8
cylinder_bottle_s531,cylinder_bottle,0.051598384976387,0.12687000632286,1,8
cylinder_bottle_s532,cylinder_bottle,0.13781926035881,0.22043415904045102,2,8
cylinder_bottle_s533,cylinder_bottle,0.07055638730525901,0.14277309179306,9,8
cylinder_bottle_s534,cylinder_bottle,0.08048574626445701,0.25036785006523105,0,8
cylinder_bottle_s535,cylinder_bottle,0.09166020900011,0.220593303442001,5,5
cylinder_bottle_s536,cylinder_bottle,0.087017625570297,0.113655999302864,9,8
cylinder_bottle_s537,cylinder_bottle,0.089224003255367,0.11467709392309101,9,8
cylinder_bottle_s538,cylinder_bottle,0.11647697538137401,0.245757177472114,0,8
cylinder_bottle_s541,cylinder_bottle,0.06757919490337301,0.12626600265502902,9,8
cylinder_bottle_s542,cylinder_bottle,0.119686350226402,0.21670132875442502,2,8
cylinder_bottle_s543,cylinder_bottle,0.08654240518808301,0.088137060403823,4,5
cylinder_bottle_s544,cylinder_bottle,0.102371126413345,0.143105998635292,9,5
cylinder_bottle_s545,cylinder_bottle,0.07756746560335101,0.126434803009033,9,8
cylinder_bottle_s547,cylinder_bottle,0.099555179476737,0.16497948765754702,5,5
cylinder_bottle_s548,cylinder_bottle,0.10647065937519001,0.20412600040435702,5,8
cylinder_bottle_s549,cylinder_bottle,0.09442909806966701,0.172281190752983,5,8
cylinder_bottle_s550,cylinder_bottle,0.062329798936843005,0.13641999661922402,1,8
cylinder_bottle_s552,cylinder_bottle,0.101189613342285,0.13886883854866,9,8
cylinder_bottle_s554,cylinder_bottle,0.05088910460472101,0.13740000128746002,1,8
cylinder_bottle_s555,cylinder_bottle,0.155745670199394,0.176722154021263,2,5
cylinder_bottle_s560,cylinder_bottle,0.129436254501342,0.21136200428009003,2,8
cylinder_bottle_s563,cylinder_bottle,0.07377426326274801,0.11216399818658801,9,5
cylinder_bottle_s564,cylinder_bottle,0.074515208601951,0.13509400188922802,9,8
cylinder_bottle_s565,cylinder_bottle,0.074457995593547,0.113943547010421,9,8
cylinder_bottle_s566,cylinder_bottle,0.071595855057239,0.130830019712448,9,8
cylinder_bottle_s567,cylinder_bottle,0.072099402546882,0.129366844892501,9,5
cylinder_bottle_s568,cylinder_bottle,0.07904133200645401,0.25770050287246704,0,5
cylinder_bottle_s569,cylinder_bottle,0.07910203933715801,0.116377994418144,9,8
cylinder_bottle_s571,cylinder_bottle,0.133613556623458,0.220385998487472,2,8
cylinder_bottle_s573,cylinder_bottle,0.085810519754886,0.189431995153427,5,5
cylinder_bottle_s576,cylinder_bottle,0.123461902141571,0.23110200464725403,2,8
cylinder_bottle_s577,cylinder_bottle,0.06341882050037301,0.133507266640663,9,8
cylinder_bottle_s581,cylinder_bottle,0.070980064570903,0.110371559858322,9,8
cylinder_bottle_s582,cylinder_bottle,0.061470262706279005,0.24312350153923,0,5
cylinder_bottle_s583,cylinder_bottle,0.104154706001281,0.148977845907211,5,8
cylinder_bottle_s585,cylinder_bottle,0.07703000307083101,0.088279634714126,4,5
cylinder_bottle_s586,cylinder_bottle,0.08924637734889901,0.15008008480072002,9,5
cylinder_bottle_s588,cylinder_bottle,0.04704112559556901,0.14859175682067802,1,8
cylinder_bottle_s591,cylinder_bottle,0.065732732415199,0.238627761602401,0,8
cylinder_bottle_s592,cylinder_bottle,0.11530946195125501,0.23330000042915303,0,8
cylinder_bottle_s593,cylinder_bottle,0.107145726680755,0.23030650615692103,0,5
cylinder_bottle_s594,cylinder_bottle,0.09959393739700301,0.24081915616989102,0,5
cylinder_bottle_s595,cylinder_bottle,0.133680164813995,0.20483635365962902,2,8
cylinder_bottle_s596,cylinder_bottle,0.083623997867107,0.09208770096302,4,8
cylinder_bottle_s597,cylinder_bottle,0.064867839217185,0.24788758158683702,0,8
cylinder_bottle_s598,cylinder_bottle,0.12616349756717601,0.22892767190933203,2,8
cylinder_bottle_s599,cylinder_bottle,0.09641696512699101,0.255661994218826,0,5
cylinder_bottle_s600,cylinder_bottle,0.07450857758522,0.134903997182846,9,8
cylinder_bottle_s601,cylinder_bottle,0.065181732177734,0.190520942211151,5,8
cylinder_bottle_s603,cylinder_bottle,0.12666136026382402,0.23213970661163302,2,5
cylinder_bottle_s604,cylinder_bottle,0.066576495766639,0.11390349268913201,9,5
cylinder_bottle_s606,cylinder_bottle,0.083408951759338,0.130759999155998,9,8
cylinder_bottle_s608,cylinder_bottle,0.08313721418380701,0.17965520918369202,5,8
cylinder_bottle_s609,cylinder_bottle,0.11428458243608401,0.22307400405406902,5,5
cylinder_bottle_s612,cylinder_bottle,0.106973707675933,0.21398299932479803,5,5
cylinder_bottle_s614,cylinder_bottle,0.08166243880987101,0.12042786180973,9,8
cylinder_bottle_s616,cylinder_bottle,0.09058074653148601,0.181171000003814,5,5
cylinder_bottle_s617,cylinder_bottle,0.044531121850013004,0.15453782677650402,1,8
cylinder_bottle_s618,cylinder_bottle,0.082672767341136,0.20166599750518802,5,8
cylinder_bottle_s619,cylinder_bottle,0.071133911609649,0.136061996221542,9,8
cylinder_bottle_s620,cylinder_bottle,0.09313873946666701,0.17795524001121502,5,8
cylinder_bottle_s621,cylinder_bottle,0.09357973933219901,0.16618999838829002,5,5
cylinder_bottle_s622,cylinder_bottle,0.08396197110414501,0.11312448978424001,9,5
cylinder_bottle_s623,cylinder_bottle,0.08142234385013501,0.09995444118976501,9,8
cylinder_bottle_s624,cylinder_bottle,0.11071757227182301,0.246628195047378,0,8
cylinder_bottle_s625,cylinder_bottle,0.09567201882600701,0.11377400159835802,9,8
cylinder_bottle_s627,cylinder_bottle,0.09651602804660701,0.26702111959457403,0,5
cylinder_bottle_s628,cylinder_bottle,0.08061887323856301,0.107431471347808,9,8
cylinder_bottle_s629,cylinder_bottle,0.10539465397596301,0.17603677511215202,5,8
cylinder_bottle_s630,cylinder_bottle,0.083896502852439,0.17124411463737402,5,5
cylinder_bottle_s634,cylinder_bottle,0.075790002942085,0.17202191054821,5,5
cylinder_bottle_s636,cylinder_bottle,0.071625441312789,0.11547582596540401,9,5
cylinder_bottle_s637,cylinder_bottle,0.067828759551048,0.180958002805709,5,5
cylinder_bottle_s641,cylinder_bottle,0.09082694351673101,0.242169290781021,0,5
cylinder_bottle_s644,cylinder_bottle,0.090807326138019,0.15808120369911102,5,5
cylinder_bottle_s646,cylinder_bottle,0.07047751545906,0.10823690891265801,9,8
cylinder_bottle_s647,cylinder_bottle,0.092339560389518,0.09346754103899,4,8
cylinder_bottle_s648,cylinder_bottle,0.07532691955566401,0.11079736053943601,9,8
deli_white_latex,squeezable,0.026111463084816003,0.11421865224838201,1,8
dispenser1,trigger_sprayer,0.06476080417633001,0.227160036563873,0,2
dispenser10,trigger_sprayer,0.069257423281669,0.26822143793106,0,2
dispenser11,lotion_pump,0.061977785080671005,0.23931780457496601,0,2
dispenser12,lotion_pump,0.066186994314193,0.27220615744590704,0,2
dispenser14,lotion_pump,0.06805953383445701,0.12415800988674101,9,2
dispenser15,lotion_pump,0.060293592512607005,0.18130221962928703,5,2
dispenser18,lotion_pump,0.12041589617729101,0.268929958343505,2,2
dispenser2,trigger_sprayer,0.066780373454093,0.253579944372177,0,2
dispenser21,lotion_pump,0.063546538352966,0.203698456287384,8,2
dispenser23,trigger_sprayer,0.08469709008932101,0.223265767097473,5,2
dispenser26,trigger_sprayer,0.084731258451938,0.21365097165107702,5,2
dispenser27,trigger_sprayer,0.086134113371372,0.318033218383789,0,2
dispenser28,lotion_pump,0.06310939788818301,0.19762292504310602,5,2
dispenser29,lotion_pump,0.076357945799827,0.228747099637985,2,2
dispenser30,lotion_pump,0.059534125030040005,0.193714380264282,5,2
dispenser31,lotion_pump,0.069407731294631,0.2286376953125,8,2
dispenser5,trigger_sprayer,0.048025190830230005,0.15551090240478502,1,2
dispenser6,trigger_sprayer,0.108974009752273,0.21354854106903,5,2
dispenser8,trigger_sprayer,0.07403852045536001,0.255352526903152,0,2
dispenser9,trigger_sprayer,0.058644078671932005,0.25338590145111,0,2
donut,donut,0.047945193946361,0.09842060506343801,7,8
drill_0,power_drill,0.054292470216751,0.22582668066024703,2,2
drill_10,power_drill,0.116432763636112,0.285780251026153,2,2
drill_11,power_drill,0.065119713544845,0.19784483313560403,5,2
drill_2,power_drill,0.06511185318231501,0.283011198043823,2,2
drill_4,power_drill,0.042435999959707,0.21141847968101501,2,2
drill_8,power_drill,0.060120195150375005,0.20510748028755102,2,2
eyeglasses_maya_10,eyeglasses,0.06400000303983601,0.18770065903663602,6,8
eyeglasses_maya_12,eyeglasses,0.039228633046150006,0.156027793884277,6,8
eyeglasses_maya_14,eyeglasses,0.055778630077838,0.15582770109176602,6,8
eyeglasses_maya_2,eyeglasses,0.043778367340564006,0.15251350402832,6,8
eyeglasses_maya_22,eyeglasses,0.041369900107383006,0.17697887122631,7,8
eyeglasses_maya_24,eyeglasses,0.043859578669071,0.15905153751373202,6,8
eyeglasses_maya_25,eyeglasses,0.074867881834506,0.14242026209831202,6,8
eyeglasses_maya_26,eyeglasses,0.046941682696342,0.172255545854568,6,8
eyeglasses_maya_28,eyeglasses,0.07515279203653301,0.22841957211494401,6,8
eyeglasses_maya_3,eyeglasses,0.05164248496294,0.182662859559059,6,8
eyeglasses_maya_39,eyeglasses,0.06233350560069,0.17541754245758,6,8
eyeglasses_maya_7,eyeglasses,0.061993554234504006,0.17971119284629802,6,8
flashlight_10,flashlight,0.048388496041297004,0.12361264228820801,1,5
flashlight_15,flashlight,0.04331399872899001,0.149573326110839,1,5
flashlight_16,flashlight,0.041581623256206006,0.14780244231224002,1,5
flashlight_2,flashlight,0.03614529594779,0.15326565504074002,1,5
flashlight_4,flashlight,0.060535982251167006,0.14048382639884902,1,5
flashlight_8,flashlight,0.050311293452978,0.139399915933609,1,5
frying_pan_0,fryingpan,0.056025691330432004,0.23096251487731903,6,2
frying_pan_2,fryingpan,0.031155098229646003,0.24084712564945202,0,2
frying_pan_3,fryingpan,0.03644573688507,0.27081322669982905,0,2
frying_pan_4,fryingpan,0.033217325806617,0.25036823749542203,0,2
frying_pan_5,fryingpan,0.035439126193523005,0.24371606111526403,0,2
fuji_instax_camera,cameras,0.096347048878669,0.12583522498607602,4,5
gamecontroller_maya12,gamecontroller,0.057373430579900006,0.14674618840217502,6,2
gamecontroller_maya13,gamecontroller,0.058410763740539,0.143051028251647,7,2
gamecontroller_maya14,gamecontroller,0.06118027865886601,0.170743748545646,6,2
gamecontroller_maya2,gamecontroller,0.031037863343954003,0.16053164005279502,6,2
gamecontroller_maya3,gamecontroller,0.045567993074655005,0.15496782958507502,6,2
gamecontroller_maya4,gamecontroller,0.06445424258708901,0.15461267530918102,6,2
gamecontroller_maya5,gamecontroller,0.061935815960168006,0.156193137168884,7,2
gamecontroller_maya6,gamecontroller,0.055771358311176,0.157248467206954,6,2
gamecontroller_maya7,gamecontroller,0.047389343380928005,0.16568022966384802,6,2
hammers_1,hammer,0.118910625576972,0.36859151721000605,0,5
hammers_10,hammer,0.01814728975296,0.256280839443206,0,5
hammers_11,hammer,0.103503808379173,0.28548800945281905,2,5
hammers_12,hammer,0.134318903088569,0.376743376255035,0,5
hammers_15,hammer,0.031608000397682,0.29283297061920105,0,5
hammers_2,hammer,0.085633248090744,0.26670479774475103,0,5
hammers_3,hammer,0.054687999188899,0.522164046764373,0,5
hammers_4,hammer,0.048087999224662004,0.391548603773117,0,5
hammers_5,hammer,0.067190900444984,0.337558567523956,0,5
hammers_6,hammer,0.14117881655693001,0.31775897741317705,0,5
hammers_7,hammer,0.07331338524818401,0.327393442392349,0,5
hammers_8,hammer,0.095541015267372,0.414388239383697,0,5
hammers_9,hammer,0.062584862112998,0.324553996324539,0,5
headphones_s101,headphones,0.048790674656629,0.150265797972679,6,5
headphones_s102,headphones,0.062879659235477,0.142405435442924,6,5
headphones_s103,headphones,0.068148083984851,0.14846408367156902,6,5
headphones_s104,headphones,0.09148930013179701,0.130300372838974,6,5
headphones_s105,headphones,0.075967505574226,0.17178000509738903,6,5
headphones_s106,headphones,0.09013725072145401,0.163425013422966,6,5
headphones_s107,headphones,0.065610393881797,0.14709767699241602,6,5
headphones_s108,headphones,0.06494675576686801,0.15704658627510001,6,5
headphones_s109,headphones,0.035693101584911,0.16994217038154602,6,5
headphones_s110,headphones,0.06974906474351801,0.146220713853836,6,5
headphones_s111,headphones,0.078512616455554,0.16470912098884502,6,5
headphones_s112,headphones,0.09839805960655201,0.11270385980606001,4,5
headphones_s113,headphones,0.053736891597509,0.132495537400245,6,5
headphones_s114,headphones,0.047155998647212004,0.15224826335906902,6,5
headphones_s115,headphones,0.055786386132240004,0.17232266068458502,6,5
headphones_s117,headphones,0.065065130591392,0.160101130604743,6,5
headphones_s118,headphones,0.08794306218624101,0.16629472374916002,6,5
headphones_s119,headphones,0.05360741913318601,0.18919456005096402,6,5
headphones_s121,headphones,0.09963110089302,0.13523392379283902,6,5
headphones_s122,headphones,0.062478568404912005,0.16469162702560403,6,5
headphones_s124,headphones,0.08888395130634301,0.151403799653053,6,5
headphones_s125,headphones,0.066467158496379,0.163918942213058,6,5
headphones_s126,headphones,0.044312886893749,0.132164746522903,6,5
headphones_s127,headphones,0.082786411046981,0.185329735279083,5,5
headphones_s128,headphones,0.064374074339866,0.184416100382804,6,5
headphones_s129,headphones,0.06613279134035101,0.16309589147567702,6,5
headphones_s130,headphones,0.05301043763756701,0.149497032165527,6,5
headphones_s131,headphones,0.073914460837841,0.177910521626472,6,5
headphones_s132,headphones,0.07315449416637401,0.16189944744110102,6,5
headphones_s133,headphones,0.05131723359227101,0.15799356997013,6,5
headphones_s134,headphones,0.057627007365226,0.154175996780395,6,5
headphones_s135,headphones,0.049129169434309006,0.15294609963893802,6,5
headphones_s136,headphones,0.037359125912189005,0.12458378821611402,6,5
headphones_s137,headphones,0.045451119542121006,0.164760619401931,6,5
headphones_s138,headphones,0.066653728485107,0.16424848139286002,6,5
headphones_s139,headphones,0.064875692129135,0.15985335409641202,6,5
headphones_s140,headphones,0.06557480990886601,0.14391893148422202,6,5
headphones_s141,headphones,0.07456974685192101,0.168257996439933,6,5
headphones_s142,headphones,0.060289442539215005,0.17899192869663202,6,5
headphones_s143,headphones,0.06052479147911,0.14862570166587802,6,5
headphones_s144,headphones,0.06348191946744901,0.174873888492584,6,5
headphones_s145,headphones,0.063120737671852,0.162299275398254,6,5
headphones_s146,headphones,0.065102271735668,0.146355301141738,6,5
headphones_s147,headphones,0.067052915692329,0.139343753457069,6,5
headphones_s148,headphones,0.092314973473548,0.144248872995376,6,5
knife_s101,knife,0.014840000309050002,0.24002353847026803,8,2
knife_s106,knife,0.024472000077366003,0.201834693551063,8,2
knife_s113,knife,0.025058701634407002,0.21351769566535903,8,2
knife_s117,knife,0.011854000389575,0.23704898357391302,8,2
knife_s127,knife,0.006335999816656001,0.219554930925369,8,2
knife_s136,knife,0.018737476319074003,0.21983364224433902,8,2
knife_s138,knife,0.022993244230747,0.22163257002830503,8,2
knife_s146,knife,0.031468562781810004,0.197802156209945,8,2
knife_s147,knife,0.023924000561237002,0.197806358337402,8,2
knife_s150,knife,0.015199000015854001,0.21858644485473602,8,2
knife_s153,knife,0.010768000036478001,0.237597852945327,8,2
knife_s170,knife,0.035408943891525005,0.19680875539779602,8,2
knife_s171,knife,0.012620000168681,0.22594691812992002,8,2
knife_s184,knife,0.015747714787721002,0.201274260878562,8,2
knife_s196,knife,0.023663999512791002,0.232629656791687,8,2
knife_s208,knife,0.013621999882161001,0.233342677354812,8,2
knife_s209,knife,0.021012000739574002,0.229506462812423,8,2
knife_s213,knife,0.029885385185480003,0.21863637864589602,8,2
knife_s215,knife,0.035140529274940005,0.22175663709640503,8,2
knife_s224,knife,0.01601199992001,0.23603573441505402,8,2
knife_s230,knife,0.028716040775179003,0.20730599761009202,8,2
knife_s231,knife,0.040199607610702,0.23589634895324701,8,2
knife_s239,knife,0.014485985040664002,0.23145034909248302,8,2
knife_s242,knife,0.014685999602079001,0.234507173299789,8,2
knife_s256,knife,0.018907999619841003,0.225986003875732,8,2
knife_s257,knife,0.026602838188409,0.23858815431594801,8,2
knife_s258,knife,0.015105981379747,0.22779659926891302,8,2
knife_s261,knife,0.025719799101352,0.215231150388717,8,2
knife_s267,knife,0.05125375837087601,0.21954138576984403,8,2
knife_s268,knife,0.011789999902248001,0.19535779953002902,8,2
knife_s272,knife,0.013241999782621002,0.240250840783119,8,2
knife_s277,knife,0.025668000802397003,0.204533338546752,8,2
knife_s284,knife,0.007118000183254001,0.214722082018852,8,2
knife_s285,knife,0.026434727013111003,0.234977424144744,8,2
knife_s292,knife,0.024405999109148,0.23061820864677401,8,2
knife_s297,knife,0.023511063307523002,0.20160412788391102,8,2
knife_s299,knife,0.005297999829053,0.19669923186302102,8,2
knife_s304,knife,0.023066788911819004,0.207907766103744,8,2
knife_s307,knife,0.013595156371593002,0.21785746514797202,8,2
knife_s314,knife,0.015697997063398,0.24077564477920502,8,2
knife_s317,knife,0.024857047945261,0.22451093792915303,8,2
knife_s319,knife,0.01746942102909,0.21630042791366502,8,2
knife_s321,knife,0.007993999868631,0.204895466566085,8,2
knife_s331,knife,0.010354000143706,0.240843147039413,8,2
knife_s332,knife,0.016262000426650002,0.229089587926864,8,2
knife_s343,knife,0.027010878548026,0.229577898979187,8,2
knife_s351,knife,0.05407334119081401,0.22887378931045502,8,2
knife_s362,knife,0.020648000761866,0.195666685700416,8,2
lightbulb_0,lightbulb,0.04430754482746101,0.12568545341491702,1,8
lightbulb_1,lightbulb,0.048814345151185004,0.12221055477857501,1,8
lightbulb_2,lightbulb,0.061393834650516003,0.110563397407531,9,8
lightbulb_5,lightbulb,0.05586313456296901,0.107683643698692,9,8
lightbulb_8,lightbulb,0.047490488737821,0.12261236459016801,1,8
lotion_pump_s101,lotion_pump,0.057928562164306,0.181244552135467,5,2
lotion_pump_s102,lotion_pump,0.088917359709739,0.22983846068382202,0,2
lotion_pump_s103,lotion_pump,0.06440986692905401,0.15888600051403,1,2
lotion_pump_s104,lotion_pump,0.056993462145328,0.17773599922657002,1,2
lotion_pump_s105,lotion_pump,0.040150962769985005,0.193739995360374,8,2
lotion_pump_s106,lotion_pump,0.07790113240480401,0.16721904277801503,5,2
lotion_pump_s107,lotion_pump,0.073669753968715,0.252482563257217,0,2
lotion_pump_s108,lotion_pump,0.063106045126914,0.22335989773273401,8,2
marker_gluestick17,pen,0.03412102535367,0.09720890223979901,1,5
marker_gluestick19,pen,0.028155114501714002,0.109121739864349,1,5
marker_gluestick6,pen,0.025528192520141,0.095146380364894,1,5
mewon_shampoo,squeezable,0.035260751843452,0.176076024770736,1,8
mug_s001,mug,0.063803821802139,0.130266368389129,4,5
mug_s002,mug,0.07610735297203,0.134943574666976,4,5
mug_s003,mug,0.09134468436241101,0.11389170587062801,4,8
mug_s004,mug,0.089911334216594,0.11829516291618301,4,5
mug_s005,mug,0.08083458989858601,0.117168001830577,9,5
mug_s006,mug,0.101408392190933,0.15157003700733102,5,5
mug_s007,mug,0.07656800001859601,0.11485400050878501,4,8
mug_s008,mug,0.072743102908134,0.12424534559249802,9,5
mug_s009,mug,0.081612527370452,0.12507520616054502,4,8
mug_s010,mug,0.089219853281974,0.116769477725028,4,5
mug_s011,mug,0.071841746568679,0.12250345945358201,4,5
mug_s012,mug,0.102082878351211,0.15733703970909102,4,5
mug_s013,mug,0.08529534935951201,0.120975375175476,4,5
mug_s014,mug,0.08523989468812901,0.119299694895744,4,5
mug_s015,mug,0.08848230540752401,0.11929144710302302,4,5
mug_s016,mug,0.08776900917291601,0.12513194978237102,4,8
mug_s017,mug,0.081425659358501,0.110954478383064,4,8
mug_s018,mug,0.083133921027183,0.11017432808876002,4,8
mug_s019,mug,0.08324231207370701,0.111713282763957,4,8
mug_s020,mug,0.08325998485088301,0.12583744525909402,4,8
mug_s021,mug,0.081338353455066,0.11453039944171901,4,5
mug_s022,mug,0.090920403599739,0.11855664104223201,4,5
mug_s023,mug,0.08398345112800501,0.118446558713912,4,5
mug_s024,mug,0.083601020276546,0.117680206894874,4,5
mug_s101,mug,0.08594661951065001,0.12422807514667501,4,5
mug_s102,mug,0.074991971254348,0.11215153336524901,4,5
mug_s103,mug,0.081865042448043,0.10942468047142001,4,8
mug_s104,mug,0.08443988859653401,0.11165177077054901,4,5
mug_s105,mug,0.080161191523075,0.101455524563789,4,5
mug_s106,mug,0.087281242012977,0.10511178523302,4,8
mug_s107,mug,0.088526844978332,0.11955408006906501,4,5
mug_s108,mug,0.086518630385398,0.11379086971282901,4,5
mug_s109,mug,0.074770338833332,0.09930256754159901,4,5
mug_s110,mug,0.071636915206909,0.109081864356994,4,5
mug_s111,mug,0.085042297840118,0.12585896253585802,4,5
mug_s112,mug,0.08032023906707701,0.110642820596694,4,5
mug_s113,mug,0.07286462187767001,0.101980000734329,4,5
mug_s114,mug,0.08113531768321901,0.11364834010601,4,8
mug_s115,mug,0.075294405221939,0.106257267296314,4,5
mug_s116,mug,0.065077021718025,0.10961844027042301,4,5
mug_s117,mug,0.086019992828369,0.125494360923767,4,5
mug_s118,mug,0.09203526377677901,0.12208517640829,4,5
mug_s119,mug,0.09063112735748201,0.136784464120864,4,5
mug_s120,mug,0.09076028317213,0.125815361738204,4,5
mug_s121,mug,0.081639908254146,0.10998257249593701,4,8
mug_s122,mug,0.08879661560058501,0.13573887944221402,4,5
mug_s123,mug,0.08732414245605401,0.12218387424945801,4,5
mug_s124,mug,0.07052870094776101,0.106936000287532,9,5
mug_s125,mug,0.09322639554738901,0.125918164849281,4,5
mug_s126,mug,0.097120001912117,0.13002772629261,4,8
mug_s127,mug,0.09113425016403101,0.128276318311691,4,5
mug_s128,mug,0.08664089441299401,0.12418453395366601,4,5
mug_s129,mug,0.07447171211242601,0.11021578311920101,4,5
mug_s130,mug,0.07916858792304901,0.116496637463569,4,5
mug_s131,mug,0.09720204770565001,0.11649234592914501,4,5
mug_s132,mug,0.07778207957744501,0.10891760885715401,4,8
mug_s133,mug,0.07677199691534001,0.12059374153614001,4,8
mug_s134,mug,0.076479747891426,0.09887490421533501,4,8
mug_s135,mug,0.082549944519996,0.109443604946136,4,8
mug_s136,mug,0.084039457142353,0.12812750041484802,4,8
mug_s137,mug,0.067249998450279,0.11574520170688601,4,8
mug_s138,mug,0.07730945944786001,0.10831835865974401,4,8
mug_s139,mug,0.08596251904964401,0.12412443757057101,4,5
mug_s140,mug,0.08309106528759001,0.11859241127967801,4,5
mug_s141,mug,0.07788623869419001,0.115156888961791,4,5
mug_s142,mug,0.07759380340576101,0.11713351309299401,4,5
mug_s143,mug,0.075733438134193,0.11729478836059501,4,5
mug_s144,mug,0.084784001111984,0.126799672842025,4,5
mug_s145,mug,0.07548354566097201,0.109893403947353,4,5
mug_s146,mug,0.07633569836616501,0.11624217778444201,4,5
mug_s147,mug,0.07961810380220401,0.105674341320991,4,5
mug_s148,mug,0.08262799680233,0.12755300104618,4,8
mug_s149,mug,0.07889562845230101,0.10358504205942101,4,5
mug_s150,mug,0.084332093596458,0.12514857947826302,4,5
mug_s151,mug,0.079508632421493,0.11266343295574101,4,8
mug_s152,mug,0.070456981658935,0.106499008834362,4,5
mug_s153,mug,0.070204213261604,0.104133211076259,4,5
mug_s154,mug,0.07116189599037101,0.13083600997924802,4,5
mug_s155,mug,0.08958901464939101,0.112740106880664,4,5
mug_s156,mug,0.079270645976066,0.10723531246185301,4,8
mug_s157,mug,0.07475604116916601,0.10439930856227801,4,5
mug_s158,mug,0.07150037586688901,0.10829208791255901,4,8
mug_s159,mug,0.09222285449504801,0.12613761425018302,4,5
mug_s160,mug,0.06676843017339701,0.125603288412094,4,5
mug_s161,mug,0.078724175691604,0.11281479895114802,4,5
mug_s162,mug,0.096493363380432,0.13661983609199502,4,5
mug_s164,mug,0.087541684508323,0.119844123721122,4,8
mug_s165,mug,0.084401100873947,0.11553469300270001,4,8
mug_s166,mug,0.069972515106201,0.11736000329256001,9,5
mug_s167,mug,0.068981111049652,0.12826909124851202,4,5
mug_s168,mug,0.08155083656311,0.12514105439186002,4,5
mug_s169,mug,0.059766329824924004,0.13800078630447302,9,5
mug_s170,mug,0.09688713401556001,0.13653022050857502,4,5
mug_s171,mug,0.091765545308589,0.14161130785942,4,5
mug_s172,mug,0.083255998790264,0.11879186332225801,4,5
mug_s173,mug,0.06511488556861801,0.124237313866615,9,8
mug_s174,mug,0.07900254428386601,0.11521647870540601,4,5
mug_s175,mug,0.080914162099361,0.11245101690292301,4,5
mug_s176,mug,0.08669534325599601,0.11095815896987901,4,8
mug_s177,mug,0.09515632688999101,0.125376552343368,4,5
mug_s178,mug,0.090566039085388,0.129833608865737,4,5
mug_s179,mug,0.077663667500019,0.10618942230939801,4,5
mug_s180,mug,0.077263414859771,0.102003201842308,4,5
mug_s181,mug,0.08731330931186601,0.12354601919651001,4,8
mug_s182,mug,0.086097970604896,0.11408104747533701,4,5
mug_s183,mug,0.080701291561126,0.12333071231842001,4,5
mug_s184,mug,0.075429067015647,0.10655465722084001,4,5
mug_s185,mug,0.08879094570875101,0.128631591796875,4,5
mug_s186,mug,0.081612914800643,0.115023076534271,4,5
mug_s187,mug,0.055941998958587,0.116799369454383,4,5
mug_s189,mug,0.09303600341081601,0.12194651365280101,4,5
mug_s190,mug,0.079797074198722,0.123017996549606,4,8
mug_s191,mug,0.081211999058723,0.125921756029129,4,8
mug_s192,mug,0.080141879618167,0.11139311641454601,4,5
mug_s193,mug,0.07930563390254901,0.11727429181337301,4,5
mug_s194,mug,0.077628001570701,0.115909829735755,4,5
mug_s195,mug,0.08914379030466,0.12555998563766402,4,5
mug_s196,mug,0.083138778805732,0.118465974926948,4,5
mug_s197,mug,0.066187739372253,0.11539575457572901,4,5
mug_s198,mug,0.083468899130821,0.12011478841304701,4,8
mug_s199,mug,0.09449872374534601,0.12639421224594102,4,8
mug_s200,mug,0.07247206568717901,0.111884981393814,4,5
mug_s201,mug,0.069876812398433,0.12527769804000802,4,5
mug_s202,mug,0.08171261101961101,0.1175192669034,4,5
mug_s204,mug,0.075355030596256,0.112424179911613,4,5
mug_s205,mug,0.084151551127433,0.11635631322860701,4,5
mug_s206,mug,0.088111117482185,0.112769603729248,4,5
mug_s207,mug,0.08184345066547301,0.11547279357910101,4,5
mug_s208,mug,0.08556026220321601,0.11563944071531201,4,8
mug_s209,mug,0.08138599991798401,0.139503926038742,4,5
mug_s210,mug,0.093405842781066,0.11767643690109202,4,8
mug_s211,mug,0.083999998867511,0.116187535226345,4,5
mug_s212,mug,0.08925980329513501,0.12304208427667601,4,8
mug_s213,mug,0.07599999755620901,0.12334147840738201,4,5
mug_s214,mug,0.08747000247240001,0.10917323827743501,4,8
mug_s215,mug,0.082945346832275,0.108528792858123,4,5
mug_s216,mug,0.08722831308841701,0.12321756780147501,4,5
mug_s217,mug,0.07681916654109901,0.114761963486671,4,5
mug_s218,mug,0.07620800286531401,0.116559371352195,4,8
mug_s219,mug,0.07470575720071701,0.10215812176465901,4,5
mug_s220,mug,0.08680813014507201,0.125975877046585,4,5
mug_s221,mug,0.07017599791288301,0.13046556711196902,4,5
mug_s222,mug,0.06330464035272501,0.13060441613197302,4,5
mug_s223,mug,0.08351632952690101,0.11761337518692001,4,5
mug_s224,mug,0.076253622770309,0.11528921127319301,4,5
mug_s225,mug,0.076545968651771,0.10424232482910101,4,5
mug_s226,mug,0.09417600184679001,0.11536803841590801,4,8
mug_s227,mug,0.07813765108585301,0.11438097059726701,4,5
mug_s228,mug,0.071401998400688,0.116553075611591,4,8
mug_s229,mug,0.09285576641559601,0.12071843445301,4,8
mug_s230,mug,0.07071016728878,0.11019006371498101,4,5
mug_s231,mug,0.080369770526885,0.110313981771469,4,5
mug_s232,mug,0.07887697219848601,0.113797515630722,4,5
mug_s233,mug,0.08173859864473301,0.114542454481124,4,5
mug_s234,mug,0.06301894783973601,0.08769093453884101,4,8
mug_s235,mug,0.093261703848838,0.12717661261558502,4,8
mug_s236,mug,0.07754351198673201,0.11782634258270201,4,5
mug_s237,mug,0.092704758048057,0.11759738624095901,4,5
mug_s238,mug,0.08889949321746801,0.126911371946334,4,5
mug_s239,mug,0.078789114952087,0.10456226766109401,4,8
mug_s240,mug,0.085542812943458,0.10887099802494,4,5
mug_s241,mug,0.07841657102108,0.10970547795295701,4,5
mug_s242,mug,0.08007168024778301,0.11043623089790301,4,5
mug_s243,mug,0.07069918513298,0.103680185973644,4,5
mug_s244,mug,0.072544313967227,0.103663653135299,9,8
mug_s245,mug,0.08631232380867,0.116939440369606,4,5
nikon_d610_camera,cameras,0.11593320220708801,0.207674816250801,2,5
omo_cleaner,trigger_sprayer,0.06334461271762801,0.202724695205688,5,5
phone_0,phone,0.042237747460603006,0.15465784072875902,1,2
phone_1,phone,0.019632000476121,0.14890800416469502,1,2
phone_2,phone,0.047287419438362004,0.19213199615478502,8,2
phone_3,phone,0.033200457692146,0.177230656147003,1,2
phone_4,phone,0.035431139171123005,0.147209927439689,1,2
phone_6,phone,0.032901998609304005,0.17878341674804601,1,2
phone_7,phone,0.031435176730155,0.157245114445686,1,2
phone_8,phone,0.050883635878562004,0.17156177759170502,1,2
pittsburgh_screwdriver,screwdriver,0.033693797886371,0.21838238835334703,8,2
screwdriver_0,screwdriver,0.032977521419525,0.24121925234794603,8,2
screwdriver_1,screwdriver,0.04269011318683601,0.23808172345161402,8,2
screwdriver_4,screwdriver,0.044575672596693004,0.21311637759208601,8,2
stanley_pincer_large,pincer,0.027773648500442002,0.163128107786178,1,5
teapot_0,teapot,0.132640957832336,0.224202081561088,2,2
teapot_1,teapot,0.11826747655868501,0.201802179217338,2,2
teapot_12,teapot,0.196940928697586,0.255834221839904,2,2
teapot_13,teapot,0.145038917660713,0.24654491245746601,2,2
teapot_14,teapot,0.11405503749847401,0.21889084577560403,2,2
teapot_15,teapot,0.138245791196823,0.20787274837493802,2,2
teapot_16,teapot,0.13448891043663,0.22481352090835502,2,2
teapot_17,teapot,0.129353284835815,0.22364401817321702,2,2
teapot_18,teapot,0.115054950118064,0.21578240394592202,2,2
teapot_20,teapot,0.11627827584743501,0.22545495629310602,3,2
teapot_21,teapot,0.11686085164546901,0.23133325576782202,2,2
teapot_4,teapot,0.142850384116172,0.214426636695861,2,2
teapot_6,teapot,0.132625997066497,0.16520929336547802,2,2
toilet_cleanser,squeezable,0.048172138631343,0.24410200119018502,0,5
toothbrush_maya3,toothbrush,0.024150349199771003,0.19319044053554502,8,5
trigger_sprayer_s101,trigger_sprayer,0.09005631506443,0.20948183536529502,5,2
trigger_sprayer_s102,trigger_sprayer,0.083700954914093,0.23793603479862202,0,2
trigger_sprayer_s103,trigger_sprayer,0.040305204689502,0.229252010583877,8,2
wineglass_0,wineglass,0.091329306364059,0.17615383863449002,5,5
wineglass_1,wineglass,0.09927377104759201,0.16715106368064803,5,5
wineglass_10,wineglass,0.069161713123321,0.17318600416183402,5,5
wineglass_11,wineglass,0.054110318422317005,0.204710453748703,8,5
wineglass_12,wineglass,0.078607380390167,0.163427829742431,5,5
wineglass_13,wineglass,0.083497449755668,0.15808367729187,5,5
wineglass_14,wineglass,0.11174772679805701,0.150556996464729,5,5
wineglass_15,wineglass,0.08031609654426501,0.138091295957565,9,5
wineglass_16,wineglass,0.10039696842432001,0.16626080870628301,5,5
wineglass_17,wineglass,0.084367468953132,0.158882081508636,5,5
wineglass_18,wineglass,0.077211514115333,0.18831600248813601,5,5
wineglass_19,wineglass,0.10521948337554901,0.16038796305656403,5,5
wineglass_2,wineglass,0.073591999709606,0.16950300335884003,5,5
wineglass_20,wineglass,0.10327085852622901,0.16100333631038602,5,5
wineglass_3,wineglass,0.09230438619852001,0.15002389252185802,5,5
wineglass_4,wineglass,0.06067969277501101,0.179222002625465,1,5
wineglass_5,wineglass,0.089139997959136,0.153044000267982,5,5
wineglass_6,wineglass,0.083366051316261,0.16864252090454102,5,5
wineglass_7,wineglass,0.069589704275131,0.17249536514282202,5,5
wineglass_8,wineglass,0.069761827588081,0.17247232794761602,5,5
wineglass_9,wineglass,0.057211745530366,0.181247994303703,1,5
